archivo,clase
PMINST_0001.png,1
PMINST_0002.png,1
PMINST_0003.png,0
PMINST_0004.png,0
PMINST_0005.png,0
PMINST_0006.png,1
PMINST_0007.png,0
PMINST_0008.png,1
PMINST_0009.png,0
PMINST_0010.png,1
PMINST_0011.png,1
PMINST_0012.png,0
PMINST_0013.png,1
PMINST_0014.png,1
PMINST_0015.png,0
PMINST_0016.png,0
PMINST_0017.png,0
PMINST_0018.png,1
PMINST_0019.png,1
PMINST_0020.png,0
PMINST_0021.png,1
PMINST_0022.png,1
PMINST_0023.png,1
PMINST_0024.png,1
PMINST_0025.png,0
PMINST_0026.png,1
PMINST_0027.png,1
PMINST_0028.png,1
PMINST_0029.png,1
PMINST_0030.png,1
PMINST_0031.png,0
PMINST_0032.png,0
PMINST_0033.png,1
PMINST_0034.png,0
PMINST_0035.png,1
PMINST_0036.png,1
PMINST_0037.png,0
PMINST_0038.png,0
PMINST_0039.png,0
PMINST_0040.png,0
PMINST_0041.png,1
PMINST_0042.png,0
PMINST_0043.png,0
PMINST_0044.png,1
PMINST_0045.png,1
PMINST_0046.png,0
PMINST_0047.png,1
PMINST_0048.png,0
PMINST_0049.png,1
PMINST_0050.png,0
PMINST_0051.png,1
PMINST_0052.png,1
PMINST_0053.png,1
PMINST_0054.png,1
PMINST_0055.png,0
PMINST_0056.png,1
PMINST_0057.png,1
PMINST_0058.png,0
PMINST_0059.png,0
PMINST_0060.png,1
PMINST_0061.png,0
PMINST_0062.png,1
PMINST_0063.png,1
PMINST_0064.png,0
PMINST_0065.png,0
PMINST_0066.png,1
PMINST_0067.png,1
PMINST_0068.png,1
PMINST_0069.png,0
PMINST_0070.png,0
PMINST_0071.png,0
PMINST_0072.png,0
PMINST_0073.png,0
PMINST_0074.png,0
PMINST_0075.png,1
PMINST_0076.png,0
PMINST_0077.png,0
PMINST_0078.png,0
PMINST_0079.png,1
PMINST_0080.png,1
PMINST_0081.png,1
PMINST_0082.png,1
PMINST_0083.png,0
PMINST_0084.png,0
PMINST_0085.png,0
PMINST_0086.png,0
PMINST_0087.png,0
PMINST_0088.png,1
PMINST_0089.png,1
PMINST_0090.png,0
PMINST_0091.png,0
PMINST_0092.png,0
PMINST_0093.png,0
PMINST_0094.png,0
PMINST_0095.png,1
PMINST_0096.png,0
PMINST_0097.png,0
PMINST_0098.png,1
PMINST_0099.png,0
PMINST_0100.png,0
PMINST_0101.png,1
PMINST_0102.png,1
PMINST_0103.png,0
PMINST_0104.png,1
PMINST_0105.png,0
PMINST_0106.png,0
PMINST_0107.png,1
PMINST_0108.png,1
PMINST_0109.png,1
PMINST_0110.png,0
PMINST_0111.png,1
PMINST_0112.png,1
PMINST_0113.png,1
PMINST_0114.png,1
PMINST_0115.png,0
PMINST_0116.png,1
PMINST_0117.png,0
PMINST_0118.png,0
PMINST_0119.png,0
PMINST_0120.png,1
PMINST_0121.png,1
PMINST_0122.png,1
PMINST_0123.png,0
PMINST_0124.png,0
PMINST_0125.png,1
PMINST_0126.png,0
PMINST_0127.png,1
PMINST_0128.png,1
PMINST_0129.png,0
PMINST_0130.png,0
PMINST_0131.png,1
PMINST_0132.png,0
PMINST_0133.png,1
PMINST_0134.png,1
PMINST_0135.png,1
PMINST_0136.png,1
PMINST_0137.png,0
PMINST_0138.png,0
PMINST_0139.png,0
PMINST_0140.png,0
PMINST_0141.png,0
PMINST_0142.png,0
PMINST_0143.png,0
PMINST_0144.png,0
PMINST_0145.png,0
PMINST_0146.png,1
PMINST_0147.png,0
PMINST_0148.png,0
PMINST_0149.png,1
PMINST_0150.png,1
PMINST_0151.png,0
PMINST_0152.png,1
PMINST_0153.png,0
PMINST_0154.png,1
PMINST_0155.png,1
PMINST_0156.png,0
PMINST_0157.png,0
PMINST_0158.png,1
PMINST_0159.png,0
PMINST_0160.png,1
PMINST_0161.png,1
PMINST_0162.png,0
PMINST_0163.png,1
PMINST_0164.png,1
PMINST_0165.png,1
PMINST_0166.png,1
PMINST_0167.png,1
PMINST_0168.png,0
PMINST_0169.png,0
PMINST_0170.png,0
PMINST_0171.png,1
PMINST_0172.png,0
PMINST_0173.png,1
PMINST_0174.png,0
PMINST_0175.png,1
PMINST_0176.png,1
PMINST_0177.png,0
PMINST_0178.png,0
PMINST_0179.png,1
PMINST_0180.png,0
PMINST_0181.png,0
PMINST_0182.png,1
PMINST_0183.png,1
PMINST_0184.png,0
PMINST_0185.png,1
PMINST_0186.png,1
PMINST_0187.png,1
PMINST_0188.png,1
PMINST_0189.png,0
PMINST_0190.png,0
PMINST_0191.png,0
PMINST_0192.png,1
PMINST_0193.png,1
PMINST_0194.png,1
PMINST_0195.png,1
PMINST_0196.png,0
PMINST_0197.png,0
PMINST_0198.png,1
PMINST_0199.png,0
PMINST_0200.png,0
PMINST_0201.png,0
PMINST_0202.png,0
PMINST_0203.png,1
PMINST_0204.png,1
PMINST_0205.png,0
PMINST_0206.png,1
PMINST_0207.png,0
PMINST_0208.png,1
PMINST_0209.png,1
PMINST_0210.png,0
PMINST_0211.png,0
PMINST_0212.png,1
PMINST_0213.png,0
PMINST_0214.png,1
PMINST_0215.png,1
PMINST_0216.png,0
PMINST_0217.png,0
PMINST_0218.png,0
PMINST_0219.png,1
PMINST_0220.png,0
PMINST_0221.png,0
PMINST_0222.png,0
PMINST_0223.png,0
PMINST_0224.png,1
PMINST_0225.png,0
PMINST_0226.png,0
PMINST_0227.png,1
PMINST_0228.png,1
PMINST_0229.png,0
PMINST_0230.png,0
PMINST_0231.png,1
PMINST_0232.png,0
PMINST_0233.png,1
PMINST_0234.png,1
PMINST_0235.png,1
PMINST_0236.png,1
PMINST_0237.png,0
PMINST_0238.png,1
PMINST_0239.png,1
PMINST_0240.png,0
PMINST_0241.png,0
PMINST_0242.png,1
PMINST_0243.png,0
PMINST_0244.png,1
PMINST_0245.png,1
PMINST_0246.png,1
PMINST_0247.png,1
PMINST_0248.png,0
PMINST_0249.png,1
PMINST_0250.png,1
PMINST_0251.png,1
PMINST_0252.png,1
PMINST_0253.png,1
PMINST_0254.png,0
PMINST_0255.png,0
PMINST_0256.png,1
PMINST_0257.png,0
PMINST_0258.png,0
PMINST_0259.png,1
PMINST_0260.png,0
PMINST_0261.png,0
PMINST_0262.png,1
PMINST_0263.png,0
PMINST_0264.png,0
PMINST_0265.png,1
PMINST_0266.png,0
PMINST_0267.png,1
PMINST_0268.png,0
PMINST_0269.png,1
PMINST_0270.png,0
PMINST_0271.png,1
PMINST_0272.png,1
PMINST_0273.png,1
PMINST_0274.png,1
PMINST_0275.png,1
PMINST_0276.png,0
PMINST_0277.png,1
PMINST_0278.png,0
PMINST_0279.png,1
PMINST_0280.png,1
PMINST_0281.png,1
PMINST_0282.png,1
PMINST_0283.png,0
PMINST_0284.png,1
PMINST_0285.png,1
PMINST_0286.png,1
PMINST_0287.png,1
PMINST_0288.png,1
PMINST_0289.png,0
PMINST_0290.png,1
PMINST_0291.png,0
PMINST_0292.png,0
PMINST_0293.png,0
PMINST_0294.png,0
PMINST_0295.png,0
PMINST_0296.png,1
PMINST_0297.png,0
PMINST_0298.png,1
PMINST_0299.png,1
PMINST_0300.png,0
PMINST_0301.png,1
PMINST_0302.png,1
PMINST_0303.png,1
PMINST_0304.png,0
PMINST_0305.png,1
PMINST_0306.png,1
PMINST_0307.png,1
PMINST_0308.png,0
PMINST_0309.png,0
PMINST_0310.png,0
PMINST_0311.png,1
PMINST_0312.png,0
PMINST_0313.png,0
PMINST_0314.png,1
PMINST_0315.png,1
PMINST_0316.png,0
PMINST_0317.png,0
PMINST_0318.png,1
PMINST_0319.png,0
PMINST_0320.png,1
PMINST_0321.png,1
PMINST_0322.png,1
PMINST_0323.png,0
PMINST_0324.png,0
PMINST_0325.png,1
PMINST_0326.png,1
PMINST_0327.png,0
PMINST_0328.png,1
PMINST_0329.png,1
PMINST_0330.png,0
PMINST_0331.png,1
PMINST_0332.png,1
PMINST_0333.png,1
PMINST_0334.png,0
PMINST_0335.png,1
PMINST_0336.png,0
PMINST_0337.png,0
PMINST_0338.png,0
PMINST_0339.png,1
PMINST_0340.png,0
PMINST_0341.png,1
PMINST_0342.png,1
PMINST_0343.png,0
PMINST_0344.png,0
PMINST_0345.png,1
PMINST_0346.png,0
PMINST_0347.png,0
PMINST_0348.png,0
PMINST_0349.png,1
PMINST_0350.png,0
PMINST_0351.png,1
PMINST_0352.png,0
PMINST_0353.png,1
PMINST_0354.png,0
PMINST_0355.png,0
PMINST_0356.png,0
PMINST_0357.png,0
PMINST_0358.png,0
PMINST_0359.png,0
PMINST_0360.png,0
PMINST_0361.png,1
PMINST_0362.png,1
PMINST_0363.png,1
PMINST_0364.png,0
PMINST_0365.png,1
PMINST_0366.png,0
PMINST_0367.png,0
PMINST_0368.png,1
PMINST_0369.png,0
PMINST_0370.png,0
PMINST_0371.png,1
PMINST_0372.png,1
PMINST_0373.png,0
PMINST_0374.png,0
PMINST_0375.png,0
PMINST_0376.png,0
PMINST_0377.png,0
PMINST_0378.png,0
PMINST_0379.png,0
PMINST_0380.png,0
PMINST_0381.png,0
PMINST_0382.png,0
PMINST_0383.png,1
PMINST_0384.png,1
PMINST_0385.png,1
PMINST_0386.png,0
PMINST_0387.png,1
PMINST_0388.png,1
PMINST_0389.png,0
PMINST_0390.png,1
PMINST_0391.png,0
PMINST_0392.png,1
PMINST_0393.png,0
PMINST_0394.png,1
PMINST_0395.png,1
PMINST_0396.png,1
PMINST_0397.png,1
PMINST_0398.png,0
PMINST_0399.png,1
PMINST_0400.png,1
PMINST_0401.png,0
PMINST_0402.png,1
PMINST_0403.png,1
PMINST_0404.png,0
PMINST_0405.png,0
PMINST_0406.png,1
PMINST_0407.png,0
PMINST_0408.png,0
PMINST_0409.png,0
PMINST_0410.png,0
PMINST_0411.png,1
PMINST_0412.png,0
PMINST_0413.png,1
PMINST_0414.png,1
PMINST_0415.png,0
PMINST_0416.png,1
PMINST_0417.png,1
PMINST_0418.png,1
PMINST_0419.png,1
PMINST_0420.png,1
PMINST_0421.png,1
PMINST_0422.png,0
PMINST_0423.png,1
PMINST_0424.png,0
PMINST_0425.png,1
PMINST_0426.png,1
PMINST_0427.png,1
PMINST_0428.png,1
PMINST_0429.png,0
PMINST_0430.png,0
PMINST_0431.png,0
PMINST_0432.png,1
PMINST_0433.png,0
PMINST_0434.png,0
PMINST_0435.png,0
PMINST_0436.png,1
PMINST_0437.png,0
PMINST_0438.png,1
PMINST_0439.png,1
PMINST_0440.png,1
PMINST_0441.png,1
PMINST_0442.png,0
PMINST_0443.png,0
PMINST_0444.png,0
PMINST_0445.png,1
PMINST_0446.png,1
PMINST_0447.png,1
PMINST_0448.png,0
PMINST_0449.png,0
PMINST_0450.png,1
PMINST_0451.png,0
PMINST_0452.png,0
PMINST_0453.png,1
PMINST_0454.png,0
PMINST_0455.png,1
PMINST_0456.png,0
PMINST_0457.png,0
PMINST_0458.png,0
PMINST_0459.png,1
PMINST_0460.png,1
PMINST_0461.png,0
PMINST_0462.png,0
PMINST_0463.png,1
PMINST_0464.png,1
PMINST_0465.png,1
PMINST_0466.png,0
PMINST_0467.png,1
PMINST_0468.png,1
PMINST_0469.png,1
PMINST_0470.png,0
PMINST_0471.png,0
PMINST_0472.png,1
PMINST_0473.png,0
PMINST_0474.png,0
PMINST_0475.png,1
PMINST_0476.png,0
PMINST_0477.png,1
PMINST_0478.png,0
PMINST_0479.png,1
PMINST_0480.png,1
PMINST_0481.png,1
PMINST_0482.png,0
PMINST_0483.png,1
PMINST_0484.png,0
PMINST_0485.png,0
PMINST_0486.png,0
PMINST_0487.png,1
PMINST_0488.png,1
PMINST_0489.png,0
PMINST_0490.png,1
PMINST_0491.png,0
PMINST_0492.png,0
PMINST_0493.png,0
PMINST_0494.png,0
PMINST_0495.png,1
PMINST_0496.png,0
PMINST_0497.png,0
PMINST_0498.png,0
PMINST_0499.png,1
PMINST_0500.png,1
PMINST_0501.png,1
PMINST_0502.png,1
PMINST_0503.png,1
PMINST_0504.png,1
PMINST_0505.png,0
PMINST_0506.png,0
PMINST_0507.png,1
PMINST_0508.png,0
PMINST_0509.png,0
PMINST_0510.png,1
PMINST_0511.png,0
PMINST_0512.png,1
PMINST_0513.png,0
PMINST_0514.png,0
PMINST_0515.png,1
PMINST_0516.png,1
PMINST_0517.png,1
PMINST_0518.png,0
PMINST_0519.png,1
PMINST_0520.png,1
PMINST_0521.png,1
PMINST_0522.png,0
PMINST_0523.png,1
PMINST_0524.png,0
PMINST_0525.png,0
PMINST_0526.png,1
PMINST_0527.png,1
PMINST_0528.png,1
PMINST_0529.png,1
PMINST_0530.png,0
PMINST_0531.png,0
PMINST_0532.png,0
PMINST_0533.png,1
PMINST_0534.png,1
PMINST_0535.png,1
PMINST_0536.png,0
PMINST_0537.png,0
PMINST_0538.png,1
PMINST_0539.png,0
PMINST_0540.png,0
PMINST_0541.png,0
PMINST_0542.png,0
PMINST_0543.png,0
PMINST_0544.png,0
PMINST_0545.png,1
PMINST_0546.png,1
PMINST_0547.png,0
PMINST_0548.png,1
PMINST_0549.png,0
PMINST_0550.png,0
PMINST_0551.png,0
PMINST_0552.png,1
PMINST_0553.png,0
PMINST_0554.png,0
PMINST_0555.png,0
PMINST_0556.png,0
PMINST_0557.png,0
PMINST_0558.png,1
PMINST_0559.png,0
PMINST_0560.png,1
PMINST_0561.png,1
PMINST_0562.png,1
PMINST_0563.png,0
PMINST_0564.png,1
PMINST_0565.png,0
PMINST_0566.png,0
PMINST_0567.png,0
PMINST_0568.png,1
PMINST_0569.png,0
PMINST_0570.png,0
PMINST_0571.png,0
PMINST_0572.png,0
PMINST_0573.png,1
PMINST_0574.png,0
PMINST_0575.png,1
PMINST_0576.png,0
PMINST_0577.png,1
PMINST_0578.png,0
PMINST_0579.png,0
PMINST_0580.png,1
PMINST_0581.png,1
PMINST_0582.png,1
PMINST_0583.png,1
PMINST_0584.png,1
PMINST_0585.png,1
PMINST_0586.png,1
PMINST_0587.png,1
PMINST_0588.png,0
PMINST_0589.png,1
PMINST_0590.png,1
PMINST_0591.png,0
PMINST_0592.png,0
PMINST_0593.png,0
PMINST_0594.png,0
PMINST_0595.png,0
PMINST_0596.png,0
PMINST_0597.png,1
PMINST_0598.png,0
PMINST_0599.png,1
PMINST_0600.png,1
PMINST_0601.png,0
PMINST_0602.png,1
PMINST_0603.png,0
PMINST_0604.png,1
PMINST_0605.png,1
PMINST_0606.png,1
PMINST_0607.png,0
PMINST_0608.png,0
PMINST_0609.png,0
PMINST_0610.png,1
PMINST_0611.png,0
PMINST_0612.png,1
PMINST_0613.png,0
PMINST_0614.png,0
PMINST_0615.png,1
PMINST_0616.png,0
PMINST_0617.png,1
PMINST_0618.png,0
PMINST_0619.png,0
PMINST_0620.png,0
PMINST_0621.png,1
PMINST_0622.png,1
PMINST_0623.png,1
PMINST_0624.png,1
PMINST_0625.png,1
PMINST_0626.png,0
PMINST_0627.png,0
PMINST_0628.png,0
PMINST_0629.png,0
PMINST_0630.png,1
PMINST_0631.png,0
PMINST_0632.png,0
PMINST_0633.png,0
PMINST_0634.png,1
PMINST_0635.png,1
PMINST_0636.png,1
PMINST_0637.png,0
PMINST_0638.png,1
PMINST_0639.png,1
PMINST_0640.png,0
PMINST_0641.png,1
PMINST_0642.png,1
PMINST_0643.png,0
PMINST_0644.png,0
PMINST_0645.png,1
PMINST_0646.png,1
PMINST_0647.png,1
PMINST_0648.png,1
PMINST_0649.png,0
PMINST_0650.png,1
PMINST_0651.png,1
PMINST_0652.png,1
PMINST_0653.png,1
PMINST_0654.png,1
PMINST_0655.png,0
PMINST_0656.png,0
PMINST_0657.png,0
PMINST_0658.png,0
PMINST_0659.png,0
PMINST_0660.png,1
PMINST_0661.png,0
PMINST_0662.png,1
PMINST_0663.png,1
PMINST_0664.png,1
PMINST_0665.png,0
PMINST_0666.png,1
PMINST_0667.png,1
PMINST_0668.png,1
PMINST_0669.png,1
PMINST_0670.png,0
PMINST_0671.png,1
PMINST_0672.png,0
PMINST_0673.png,1
PMINST_0674.png,1
PMINST_0675.png,0
PMINST_0676.png,0
PMINST_0677.png,1
PMINST_0678.png,1
PMINST_0679.png,0
PMINST_0680.png,1
PMINST_0681.png,0
PMINST_0682.png,0
PMINST_0683.png,0
PMINST_0684.png,0
PMINST_0685.png,0
PMINST_0686.png,1
PMINST_0687.png,1
PMINST_0688.png,1
PMINST_0689.png,0
PMINST_0690.png,1
PMINST_0691.png,0
PMINST_0692.png,1
PMINST_0693.png,0
PMINST_0694.png,1
PMINST_0695.png,0
PMINST_0696.png,1
PMINST_0697.png,0
PMINST_0698.png,1
PMINST_0699.png,1
PMINST_0700.png,1
PMINST_0701.png,1
PMINST_0702.png,1
PMINST_0703.png,0
PMINST_0704.png,1
PMINST_0705.png,1
PMINST_0706.png,1
PMINST_0707.png,1
PMINST_0708.png,0
PMINST_0709.png,0
PMINST_0710.png,0
PMINST_0711.png,0
PMINST_0712.png,0
PMINST_0713.png,1
PMINST_0714.png,1
PMINST_0715.png,0
PMINST_0716.png,0
PMINST_0717.png,1
PMINST_0718.png,0
PMINST_0719.png,0
PMINST_0720.png,1
PMINST_0721.png,0
PMINST_0722.png,1
PMINST_0723.png,1
PMINST_0724.png,0
PMINST_0725.png,0
PMINST_0726.png,1
PMINST_0727.png,0
PMINST_0728.png,0
PMINST_0729.png,1
PMINST_0730.png,1
PMINST_0731.png,0
PMINST_0732.png,1
PMINST_0733.png,1
PMINST_0734.png,0
PMINST_0735.png,0
PMINST_0736.png,1
PMINST_0737.png,0
PMINST_0738.png,1
PMINST_0739.png,0
PMINST_0740.png,0
PMINST_0741.png,1
PMINST_0742.png,0
PMINST_0743.png,1
PMINST_0744.png,0
PMINST_0745.png,0
PMINST_0746.png,1
PMINST_0747.png,1
PMINST_0748.png,0
PMINST_0749.png,0
PMINST_0750.png,0
PMINST_0751.png,1
PMINST_0752.png,0
PMINST_0753.png,1
PMINST_0754.png,1
PMINST_0755.png,0
PMINST_0756.png,0
PMINST_0757.png,0
PMINST_0758.png,1
PMINST_0759.png,1
PMINST_0760.png,1
PMINST_0761.png,1
PMINST_0762.png,1
PMINST_0763.png,0
PMINST_0764.png,0
PMINST_0765.png,1
PMINST_0766.png,0
PMINST_0767.png,1
PMINST_0768.png,0
PMINST_0769.png,0
PMINST_0770.png,1
PMINST_0771.png,1
PMINST_0772.png,0
PMINST_0773.png,1
PMINST_0774.png,0
PMINST_0775.png,1
PMINST_0776.png,1
PMINST_0777.png,0
PMINST_0778.png,0
PMINST_0779.png,0
PMINST_0780.png,1
PMINST_0781.png,1
PMINST_0782.png,1
PMINST_0783.png,1
PMINST_0784.png,0
PMINST_0785.png,1
PMINST_0786.png,1
PMINST_0787.png,1
PMINST_0788.png,1
PMINST_0789.png,1
PMINST_0790.png,1
PMINST_0791.png,1
PMINST_0792.png,0
PMINST_0793.png,0
PMINST_0794.png,1
PMINST_0795.png,1
PMINST_0796.png,0
PMINST_0797.png,0
PMINST_0798.png,1
PMINST_0799.png,0
PMINST_0800.png,1
PMINST_0801.png,0
PMINST_0802.png,1
PMINST_0803.png,0
PMINST_0804.png,1
PMINST_0805.png,0
PMINST_0806.png,0
PMINST_0807.png,0
PMINST_0808.png,1
PMINST_0809.png,0
PMINST_0810.png,0
PMINST_0811.png,0
PMINST_0812.png,1
PMINST_0813.png,0
PMINST_0814.png,1
PMINST_0815.png,0
PMINST_0816.png,0
PMINST_0817.png,0
PMINST_0818.png,0
PMINST_0819.png,0
PMINST_0820.png,0
PMINST_0821.png,1
PMINST_0822.png,0
PMINST_0823.png,1
PMINST_0824.png,0
PMINST_0825.png,1
PMINST_0826.png,0
PMINST_0827.png,1
PMINST_0828.png,1
PMINST_0829.png,0
PMINST_0830.png,1
PMINST_0831.png,0
PMINST_0832.png,0
PMINST_0833.png,0
PMINST_0834.png,0
PMINST_0835.png,1
PMINST_0836.png,1
PMINST_0837.png,1
PMINST_0838.png,1
PMINST_0839.png,1
PMINST_0840.png,0
PMINST_0841.png,1
PMINST_0842.png,0
PMINST_0843.png,1
PMINST_0844.png,0
PMINST_0845.png,0
PMINST_0846.png,0
PMINST_0847.png,0
PMINST_0848.png,1
PMINST_0849.png,1
PMINST_0850.png,1
PMINST_0851.png,0
PMINST_0852.png,1
PMINST_0853.png,1
PMINST_0854.png,0
PMINST_0855.png,1
PMINST_0856.png,1
PMINST_0857.png,1
PMINST_0858.png,0
PMINST_0859.png,1
PMINST_0860.png,1
PMINST_0861.png,0
PMINST_0862.png,0
PMINST_0863.png,0
PMINST_0864.png,1
PMINST_0865.png,0
PMINST_0866.png,0
PMINST_0867.png,0
PMINST_0868.png,0
PMINST_0869.png,1
PMINST_0870.png,1
PMINST_0871.png,1
PMINST_0872.png,1
PMINST_0873.png,1
PMINST_0874.png,0
PMINST_0875.png,1
PMINST_0876.png,1
PMINST_0877.png,0
PMINST_0878.png,1
PMINST_0879.png,1
PMINST_0880.png,0
PMINST_0881.png,0
PMINST_0882.png,0
PMINST_0883.png,0
PMINST_0884.png,0
PMINST_0885.png,1
PMINST_0886.png,0
PMINST_0887.png,0
PMINST_0888.png,0
PMINST_0889.png,0
PMINST_0890.png,1
PMINST_0891.png,0
PMINST_0892.png,1
PMINST_0893.png,1
PMINST_0894.png,0
PMINST_0895.png,1
PMINST_0896.png,0
PMINST_0897.png,0
PMINST_0898.png,0
PMINST_0899.png,0
PMINST_0900.png,1
PMINST_0901.png,1
PMINST_0902.png,0
PMINST_0903.png,0
PMINST_0904.png,0
PMINST_0905.png,0
PMINST_0906.png,1
PMINST_0907.png,0
PMINST_0908.png,1
PMINST_0909.png,1
PMINST_0910.png,0
PMINST_0911.png,0
PMINST_0912.png,1
PMINST_0913.png,0
PMINST_0914.png,0
PMINST_0915.png,1
PMINST_0916.png,0
PMINST_0917.png,0
PMINST_0918.png,0
PMINST_0919.png,1
PMINST_0920.png,0
PMINST_0921.png,0
PMINST_0922.png,1
PMINST_0923.png,1
PMINST_0924.png,0
PMINST_0925.png,1
PMINST_0926.png,1
PMINST_0927.png,0
PMINST_0928.png,0
PMINST_0929.png,1
PMINST_0930.png,0
PMINST_0931.png,1
PMINST_0932.png,0
PMINST_0933.png,1
PMINST_0934.png,0
PMINST_0935.png,0
PMINST_0936.png,1
PMINST_0937.png,1
PMINST_0938.png,1
PMINST_0939.png,0
PMINST_0940.png,0
PMINST_0941.png,1
PMINST_0942.png,1
PMINST_0943.png,1
PMINST_0944.png,0
PMINST_0945.png,1
PMINST_0946.png,0
PMINST_0947.png,0
PMINST_0948.png,0
PMINST_0949.png,0
PMINST_0950.png,1
PMINST_0951.png,0
PMINST_0952.png,1
PMINST_0953.png,0
PMINST_0954.png,1
PMINST_0955.png,0
PMINST_0956.png,0
PMINST_0957.png,1
PMINST_0958.png,1
PMINST_0959.png,0
PMINST_0960.png,0
PMINST_0961.png,0
PMINST_0962.png,0
PMINST_0963.png,0
PMINST_0964.png,0
PMINST_0965.png,0
PMINST_0966.png,1
PMINST_0967.png,1
PMINST_0968.png,1
PMINST_0969.png,0
PMINST_0970.png,0
PMINST_0971.png,0
PMINST_0972.png,0
PMINST_0973.png,0
PMINST_0974.png,1
PMINST_0975.png,0
PMINST_0976.png,1
PMINST_0977.png,0
PMINST_0978.png,1
PMINST_0979.png,0
PMINST_0980.png,1
PMINST_0981.png,1
PMINST_0982.png,0
PMINST_0983.png,1
PMINST_0984.png,0
PMINST_0985.png,0
PMINST_0986.png,1
PMINST_0987.png,0
PMINST_0988.png,0
PMINST_0989.png,0
PMINST_0990.png,0
PMINST_0991.png,1
PMINST_0992.png,0
PMINST_0993.png,0
PMINST_0994.png,0
PMINST_0995.png,0
PMINST_0996.png,1
PMINST_0997.png,0
PMINST_0998.png,0
PMINST_0999.png,1
PMINST_1000.png,0
PMINST_1001.png,1
PMINST_1002.png,1
PMINST_1003.png,1
PMINST_1004.png,1
PMINST_1005.png,1
PMINST_1006.png,1
PMINST_1007.png,0
PMINST_1008.png,1
PMINST_1009.png,1
PMINST_1010.png,1
PMINST_1011.png,0
PMINST_1012.png,1
PMINST_1013.png,1
PMINST_1014.png,0
PMINST_1015.png,0
PMINST_1016.png,1
PMINST_1017.png,0
PMINST_1018.png,0
PMINST_1019.png,1
PMINST_1020.png,1
PMINST_1021.png,1
PMINST_1022.png,1
PMINST_1023.png,1
PMINST_1024.png,1
PMINST_1025.png,1
PMINST_1026.png,1
PMINST_1027.png,1
PMINST_1028.png,1
PMINST_1029.png,1
PMINST_1030.png,0
PMINST_1031.png,0
PMINST_1032.png,0
PMINST_1033.png,1
PMINST_1034.png,0
PMINST_1035.png,1
PMINST_1036.png,0
PMINST_1037.png,0
PMINST_1038.png,0
PMINST_1039.png,0
PMINST_1040.png,1
PMINST_1041.png,1
PMINST_1042.png,1
PMINST_1043.png,1
PMINST_1044.png,1
PMINST_1045.png,0
PMINST_1046.png,1
PMINST_1047.png,1
PMINST_1048.png,1
PMINST_1049.png,0
PMINST_1050.png,1
PMINST_1051.png,1
PMINST_1052.png,1
PMINST_1053.png,1
PMINST_1054.png,0
PMINST_1055.png,0
PMINST_1056.png,0
PMINST_1057.png,1
PMINST_1058.png,0
PMINST_1059.png,0
PMINST_1060.png,0
PMINST_1061.png,1
PMINST_1062.png,0
PMINST_1063.png,1
PMINST_1064.png,0
PMINST_1065.png,0
PMINST_1066.png,0
PMINST_1067.png,1
PMINST_1068.png,1
PMINST_1069.png,0
PMINST_1070.png,0
PMINST_1071.png,0
PMINST_1072.png,1
PMINST_1073.png,0
PMINST_1074.png,0
PMINST_1075.png,0
PMINST_1076.png,1
PMINST_1077.png,0
PMINST_1078.png,0
PMINST_1079.png,1
PMINST_1080.png,0
PMINST_1081.png,0
PMINST_1082.png,1
PMINST_1083.png,1
PMINST_1084.png,1
PMINST_1085.png,0
PMINST_1086.png,0
PMINST_1087.png,0
PMINST_1088.png,1
PMINST_1089.png,1
PMINST_1090.png,0
PMINST_1091.png,0
PMINST_1092.png,1
PMINST_1093.png,1
PMINST_1094.png,0
PMINST_1095.png,0
PMINST_1096.png,0
PMINST_1097.png,0
PMINST_1098.png,0
PMINST_1099.png,1
PMINST_1100.png,1
PMINST_1101.png,1
PMINST_1102.png,0
PMINST_1103.png,1
PMINST_1104.png,1
PMINST_1105.png,1
PMINST_1106.png,1
PMINST_1107.png,0
PMINST_1108.png,1
PMINST_1109.png,0
PMINST_1110.png,1
PMINST_1111.png,0
PMINST_1112.png,1
PMINST_1113.png,0
PMINST_1114.png,0
PMINST_1115.png,0
PMINST_1116.png,0
PMINST_1117.png,1
PMINST_1118.png,1
PMINST_1119.png,0
PMINST_1120.png,1
PMINST_1121.png,0
PMINST_1122.png,1
PMINST_1123.png,0
PMINST_1124.png,0
PMINST_1125.png,0
PMINST_1126.png,0
PMINST_1127.png,1
PMINST_1128.png,0
PMINST_1129.png,0
PMINST_1130.png,0
PMINST_1131.png,1
PMINST_1132.png,0
PMINST_1133.png,1
PMINST_1134.png,1
PMINST_1135.png,1
PMINST_1136.png,1
PMINST_1137.png,1
PMINST_1138.png,1
PMINST_1139.png,0
PMINST_1140.png,1
PMINST_1141.png,0
PMINST_1142.png,0
PMINST_1143.png,1
PMINST_1144.png,1
PMINST_1145.png,0
PMINST_1146.png,0
PMINST_1147.png,1
PMINST_1148.png,0
PMINST_1149.png,1
PMINST_1150.png,0
PMINST_1151.png,1
PMINST_1152.png,1
PMINST_1153.png,0
PMINST_1154.png,1
PMINST_1155.png,1
PMINST_1156.png,0
PMINST_1157.png,1
PMINST_1158.png,1
PMINST_1159.png,0
PMINST_1160.png,0
PMINST_1161.png,1
PMINST_1162.png,0
PMINST_1163.png,0
PMINST_1164.png,0
PMINST_1165.png,0
PMINST_1166.png,0
PMINST_1167.png,1
PMINST_1168.png,1
PMINST_1169.png,0
PMINST_1170.png,0
PMINST_1171.png,1
PMINST_1172.png,1
PMINST_1173.png,1
PMINST_1174.png,1
PMINST_1175.png,1
PMINST_1176.png,0
PMINST_1177.png,0
PMINST_1178.png,0
PMINST_1179.png,0
PMINST_1180.png,1
PMINST_1181.png,0
PMINST_1182.png,1
PMINST_1183.png,1
PMINST_1184.png,1
PMINST_1185.png,1
PMINST_1186.png,0
PMINST_1187.png,1
PMINST_1188.png,1
PMINST_1189.png,0
PMINST_1190.png,1
PMINST_1191.png,0
PMINST_1192.png,0
PMINST_1193.png,0
PMINST_1194.png,1
PMINST_1195.png,0
PMINST_1196.png,1
PMINST_1197.png,0
PMINST_1198.png,1
PMINST_1199.png,0
PMINST_1200.png,1
PMINST_1201.png,1
PMINST_1202.png,0
PMINST_1203.png,1
PMINST_1204.png,1
PMINST_1205.png,1
PMINST_1206.png,1
PMINST_1207.png,1
PMINST_1208.png,1
PMINST_1209.png,1
PMINST_1210.png,0
PMINST_1211.png,0
PMINST_1212.png,0
PMINST_1213.png,1
PMINST_1214.png,0
PMINST_1215.png,1
PMINST_1216.png,0
PMINST_1217.png,1
PMINST_1218.png,0
PMINST_1219.png,1
PMINST_1220.png,1
PMINST_1221.png,1
PMINST_1222.png,0
PMINST_1223.png,0
PMINST_1224.png,0
PMINST_1225.png,1
PMINST_1226.png,0
PMINST_1227.png,1
PMINST_1228.png,1
PMINST_1229.png,0
PMINST_1230.png,1
PMINST_1231.png,0
PMINST_1232.png,0
PMINST_1233.png,0
PMINST_1234.png,1
PMINST_1235.png,0
PMINST_1236.png,1
PMINST_1237.png,1
PMINST_1238.png,1
PMINST_1239.png,0
PMINST_1240.png,0
PMINST_1241.png,0
PMINST_1242.png,1
PMINST_1243.png,1
PMINST_1244.png,1
PMINST_1245.png,1
PMINST_1246.png,0
PMINST_1247.png,1
PMINST_1248.png,0
PMINST_1249.png,1
PMINST_1250.png,0
PMINST_1251.png,1
PMINST_1252.png,0
PMINST_1253.png,0
PMINST_1254.png,1
PMINST_1255.png,1
PMINST_1256.png,1
PMINST_1257.png,0
PMINST_1258.png,0
PMINST_1259.png,0
PMINST_1260.png,1
PMINST_1261.png,1
PMINST_1262.png,0
PMINST_1263.png,1
PMINST_1264.png,1
PMINST_1265.png,0
PMINST_1266.png,0
PMINST_1267.png,0
PMINST_1268.png,0
PMINST_1269.png,1
PMINST_1270.png,0
PMINST_1271.png,0
PMINST_1272.png,0
PMINST_1273.png,0
PMINST_1274.png,0
PMINST_1275.png,1
PMINST_1276.png,1
PMINST_1277.png,1
PMINST_1278.png,0
PMINST_1279.png,0
PMINST_1280.png,0
PMINST_1281.png,1
PMINST_1282.png,1
PMINST_1283.png,0
PMINST_1284.png,1
PMINST_1285.png,1
PMINST_1286.png,1
PMINST_1287.png,1
PMINST_1288.png,0
PMINST_1289.png,0
PMINST_1290.png,1
PMINST_1291.png,0
PMINST_1292.png,1
PMINST_1293.png,0
PMINST_1294.png,1
PMINST_1295.png,1
PMINST_1296.png,1
PMINST_1297.png,0
PMINST_1298.png,1
PMINST_1299.png,1
PMINST_1300.png,0
PMINST_1301.png,0
PMINST_1302.png,1
PMINST_1303.png,0
PMINST_1304.png,1
PMINST_1305.png,1
PMINST_1306.png,0
PMINST_1307.png,0
PMINST_1308.png,0
PMINST_1309.png,1
PMINST_1310.png,1
PMINST_1311.png,0
PMINST_1312.png,1
PMINST_1313.png,1
PMINST_1314.png,0
PMINST_1315.png,1
PMINST_1316.png,0
PMINST_1317.png,1
PMINST_1318.png,1
PMINST_1319.png,1
PMINST_1320.png,1
PMINST_1321.png,0
PMINST_1322.png,0
PMINST_1323.png,1
PMINST_1324.png,0
PMINST_1325.png,0
PMINST_1326.png,1
PMINST_1327.png,1
PMINST_1328.png,0
PMINST_1329.png,0
PMINST_1330.png,1
PMINST_1331.png,1
PMINST_1332.png,0
PMINST_1333.png,1
PMINST_1334.png,0
PMINST_1335.png,0
PMINST_1336.png,1
PMINST_1337.png,1
PMINST_1338.png,1
PMINST_1339.png,0
PMINST_1340.png,1
PMINST_1341.png,1
PMINST_1342.png,0
PMINST_1343.png,0
PMINST_1344.png,0
PMINST_1345.png,1
PMINST_1346.png,0
PMINST_1347.png,0
PMINST_1348.png,1
PMINST_1349.png,1
PMINST_1350.png,1
PMINST_1351.png,1
PMINST_1352.png,0
PMINST_1353.png,0
PMINST_1354.png,0
PMINST_1355.png,1
PMINST_1356.png,0
PMINST_1357.png,1
PMINST_1358.png,0
PMINST_1359.png,1
PMINST_1360.png,0
PMINST_1361.png,1
PMINST_1362.png,1
PMINST_1363.png,0
PMINST_1364.png,0
PMINST_1365.png,0
PMINST_1366.png,0
PMINST_1367.png,1
PMINST_1368.png,1
PMINST_1369.png,0
PMINST_1370.png,0
PMINST_1371.png,1
PMINST_1372.png,0
PMINST_1373.png,1
PMINST_1374.png,0
PMINST_1375.png,0
PMINST_1376.png,1
PMINST_1377.png,1
PMINST_1378.png,1
PMINST_1379.png,0
PMINST_1380.png,1
PMINST_1381.png,1
PMINST_1382.png,0
PMINST_1383.png,0
PMINST_1384.png,0
PMINST_1385.png,0
PMINST_1386.png,1
PMINST_1387.png,0
PMINST_1388.png,1
PMINST_1389.png,0
PMINST_1390.png,1
PMINST_1391.png,1
PMINST_1392.png,0
PMINST_1393.png,1
PMINST_1394.png,1
PMINST_1395.png,1
PMINST_1396.png,1
PMINST_1397.png,0
PMINST_1398.png,1
PMINST_1399.png,1
PMINST_1400.png,1
PMINST_1401.png,0
PMINST_1402.png,0
PMINST_1403.png,0
PMINST_1404.png,0
PMINST_1405.png,0
PMINST_1406.png,1
PMINST_1407.png,1
PMINST_1408.png,1
PMINST_1409.png,0
PMINST_1410.png,1
PMINST_1411.png,0
PMINST_1412.png,0
PMINST_1413.png,0
PMINST_1414.png,0
PMINST_1415.png,0
PMINST_1416.png,0
PMINST_1417.png,0
PMINST_1418.png,0
PMINST_1419.png,0
PMINST_1420.png,0
PMINST_1421.png,0
PMINST_1422.png,1
PMINST_1423.png,0
PMINST_1424.png,0
PMINST_1425.png,1
PMINST_1426.png,1
PMINST_1427.png,0
PMINST_1428.png,0
PMINST_1429.png,0
PMINST_1430.png,0
PMINST_1431.png,1
PMINST_1432.png,1
PMINST_1433.png,0
PMINST_1434.png,1
PMINST_1435.png,1
PMINST_1436.png,0
PMINST_1437.png,0
PMINST_1438.png,0
PMINST_1439.png,0
PMINST_1440.png,1
PMINST_1441.png,1
PMINST_1442.png,0
PMINST_1443.png,0
PMINST_1444.png,1
PMINST_1445.png,1
PMINST_1446.png,0
PMINST_1447.png,0
PMINST_1448.png,1
PMINST_1449.png,1
PMINST_1450.png,1
PMINST_1451.png,0
PMINST_1452.png,1
PMINST_1453.png,0
PMINST_1454.png,0
PMINST_1455.png,0
PMINST_1456.png,1
PMINST_1457.png,0
PMINST_1458.png,1
PMINST_1459.png,1
PMINST_1460.png,0
PMINST_1461.png,1
PMINST_1462.png,1
PMINST_1463.png,0
PMINST_1464.png,1
PMINST_1465.png,1
PMINST_1466.png,0
PMINST_1467.png,1
PMINST_1468.png,0
PMINST_1469.png,1
PMINST_1470.png,1
PMINST_1471.png,1
PMINST_1472.png,1
PMINST_1473.png,1
PMINST_1474.png,1
PMINST_1475.png,0
PMINST_1476.png,0
PMINST_1477.png,1
PMINST_1478.png,1
PMINST_1479.png,0
PMINST_1480.png,1
PMINST_1481.png,1
PMINST_1482.png,1
PMINST_1483.png,0
PMINST_1484.png,0
PMINST_1485.png,0
PMINST_1486.png,0
PMINST_1487.png,1
PMINST_1488.png,1
PMINST_1489.png,0
PMINST_1490.png,1
PMINST_1491.png,0
PMINST_1492.png,1
PMINST_1493.png,0
PMINST_1494.png,1
PMINST_1495.png,1
PMINST_1496.png,1
PMINST_1497.png,0
PMINST_1498.png,0
PMINST_1499.png,1
PMINST_1500.png,0
PMINST_1501.png,0
PMINST_1502.png,1
PMINST_1503.png,1
PMINST_1504.png,1
PMINST_1505.png,1
PMINST_1506.png,1
PMINST_1507.png,0
PMINST_1508.png,1
PMINST_1509.png,0
PMINST_1510.png,0
PMINST_1511.png,0
PMINST_1512.png,0
PMINST_1513.png,0
PMINST_1514.png,1
PMINST_1515.png,0
PMINST_1516.png,0
PMINST_1517.png,0
PMINST_1518.png,1
PMINST_1519.png,0
PMINST_1520.png,0
PMINST_1521.png,0
PMINST_1522.png,0
PMINST_1523.png,1
PMINST_1524.png,1
PMINST_1525.png,0
PMINST_1526.png,1
PMINST_1527.png,0
PMINST_1528.png,0
PMINST_1529.png,0
PMINST_1530.png,1
PMINST_1531.png,1
PMINST_1532.png,1
PMINST_1533.png,1
PMINST_1534.png,1
PMINST_1535.png,1
PMINST_1536.png,1
PMINST_1537.png,1
PMINST_1538.png,1
PMINST_1539.png,1
PMINST_1540.png,1
PMINST_1541.png,0
PMINST_1542.png,0
PMINST_1543.png,1
PMINST_1544.png,1
PMINST_1545.png,1
PMINST_1546.png,0
PMINST_1547.png,1
PMINST_1548.png,0
PMINST_1549.png,1
PMINST_1550.png,0
PMINST_1551.png,0
PMINST_1552.png,0
PMINST_1553.png,0
PMINST_1554.png,0
PMINST_1555.png,1
PMINST_1556.png,1
PMINST_1557.png,1
PMINST_1558.png,1
PMINST_1559.png,0
PMINST_1560.png,0
PMINST_1561.png,0
PMINST_1562.png,1
PMINST_1563.png,1
PMINST_1564.png,1
PMINST_1565.png,1
PMINST_1566.png,1
PMINST_1567.png,0
PMINST_1568.png,0
PMINST_1569.png,0
PMINST_1570.png,0
PMINST_1571.png,1
PMINST_1572.png,0
PMINST_1573.png,0
PMINST_1574.png,1
PMINST_1575.png,1
PMINST_1576.png,1
PMINST_1577.png,1
PMINST_1578.png,0
PMINST_1579.png,1
PMINST_1580.png,0
PMINST_1581.png,1
PMINST_1582.png,1
PMINST_1583.png,0
PMINST_1584.png,0
PMINST_1585.png,1
PMINST_1586.png,1
PMINST_1587.png,1
PMINST_1588.png,1
PMINST_1589.png,0
PMINST_1590.png,0
PMINST_1591.png,1
PMINST_1592.png,1
PMINST_1593.png,0
PMINST_1594.png,0
PMINST_1595.png,1
PMINST_1596.png,0
PMINST_1597.png,0
PMINST_1598.png,1
PMINST_1599.png,0
PMINST_1600.png,0
PMINST_1601.png,0
PMINST_1602.png,0
PMINST_1603.png,0
PMINST_1604.png,0
PMINST_1605.png,0
PMINST_1606.png,0
PMINST_1607.png,0
PMINST_1608.png,1
PMINST_1609.png,0
PMINST_1610.png,1
PMINST_1611.png,0
PMINST_1612.png,1
PMINST_1613.png,0
PMINST_1614.png,1
PMINST_1615.png,1
PMINST_1616.png,1
PMINST_1617.png,1
PMINST_1618.png,0
PMINST_1619.png,1
PMINST_1620.png,1
PMINST_1621.png,1
PMINST_1622.png,1
PMINST_1623.png,0
PMINST_1624.png,1
PMINST_1625.png,1
PMINST_1626.png,1
PMINST_1627.png,1
PMINST_1628.png,1
PMINST_1629.png,0
PMINST_1630.png,0
PMINST_1631.png,0
PMINST_1632.png,1
PMINST_1633.png,1
PMINST_1634.png,1
PMINST_1635.png,1
PMINST_1636.png,1
PMINST_1637.png,1
PMINST_1638.png,1
PMINST_1639.png,1
PMINST_1640.png,1
PMINST_1641.png,0
PMINST_1642.png,0
PMINST_1643.png,0
PMINST_1644.png,1
PMINST_1645.png,1
PMINST_1646.png,1
PMINST_1647.png,1
PMINST_1648.png,0
PMINST_1649.png,1
PMINST_1650.png,0
PMINST_1651.png,1
PMINST_1652.png,1
PMINST_1653.png,0
PMINST_1654.png,0
PMINST_1655.png,1
PMINST_1656.png,0
PMINST_1657.png,0
PMINST_1658.png,1
PMINST_1659.png,0
PMINST_1660.png,1
PMINST_1661.png,1
PMINST_1662.png,0
PMINST_1663.png,0
PMINST_1664.png,1
PMINST_1665.png,1
PMINST_1666.png,1
PMINST_1667.png,1
PMINST_1668.png,1
PMINST_1669.png,0
PMINST_1670.png,0
PMINST_1671.png,0
PMINST_1672.png,0
PMINST_1673.png,1
PMINST_1674.png,0
PMINST_1675.png,0
PMINST_1676.png,1
PMINST_1677.png,1
PMINST_1678.png,1
PMINST_1679.png,1
PMINST_1680.png,0
PMINST_1681.png,0
PMINST_1682.png,1
PMINST_1683.png,0
PMINST_1684.png,1
PMINST_1685.png,1
PMINST_1686.png,0
PMINST_1687.png,0
PMINST_1688.png,0
PMINST_1689.png,1
PMINST_1690.png,0
PMINST_1691.png,0
PMINST_1692.png,1
PMINST_1693.png,0
PMINST_1694.png,0
PMINST_1695.png,1
PMINST_1696.png,0
PMINST_1697.png,0
PMINST_1698.png,1
PMINST_1699.png,0
PMINST_1700.png,0
PMINST_1701.png,0
PMINST_1702.png,0
PMINST_1703.png,0
PMINST_1704.png,0
PMINST_1705.png,1
PMINST_1706.png,0
PMINST_1707.png,0
PMINST_1708.png,1
PMINST_1709.png,0
PMINST_1710.png,1
PMINST_1711.png,1
PMINST_1712.png,1
PMINST_1713.png,1
PMINST_1714.png,1
PMINST_1715.png,0
PMINST_1716.png,1
PMINST_1717.png,1
PMINST_1718.png,0
PMINST_1719.png,1
PMINST_1720.png,0
PMINST_1721.png,1
PMINST_1722.png,0
PMINST_1723.png,1
PMINST_1724.png,1
PMINST_1725.png,1
PMINST_1726.png,1
PMINST_1727.png,1
PMINST_1728.png,0
PMINST_1729.png,1
PMINST_1730.png,1
PMINST_1731.png,0
PMINST_1732.png,1
PMINST_1733.png,0
PMINST_1734.png,0
PMINST_1735.png,1
PMINST_1736.png,1
PMINST_1737.png,1
PMINST_1738.png,0
PMINST_1739.png,1
PMINST_1740.png,0
PMINST_1741.png,1
PMINST_1742.png,1
PMINST_1743.png,1
PMINST_1744.png,0
PMINST_1745.png,1
PMINST_1746.png,1
PMINST_1747.png,0
PMINST_1748.png,0
PMINST_1749.png,0
PMINST_1750.png,0
PMINST_1751.png,0
PMINST_1752.png,0
PMINST_1753.png,1
PMINST_1754.png,0
PMINST_1755.png,0
PMINST_1756.png,0
PMINST_1757.png,1
PMINST_1758.png,0
PMINST_1759.png,1
PMINST_1760.png,1
PMINST_1761.png,1
PMINST_1762.png,0
PMINST_1763.png,1
PMINST_1764.png,1
PMINST_1765.png,1
PMINST_1766.png,0
PMINST_1767.png,0
PMINST_1768.png,0
PMINST_1769.png,0
PMINST_1770.png,1
PMINST_1771.png,0
PMINST_1772.png,0
PMINST_1773.png,0
PMINST_1774.png,0
PMINST_1775.png,1
PMINST_1776.png,1
PMINST_1777.png,1
PMINST_1778.png,0
PMINST_1779.png,1
PMINST_1780.png,0
PMINST_1781.png,0
PMINST_1782.png,0
PMINST_1783.png,1
PMINST_1784.png,1
PMINST_1785.png,1
PMINST_1786.png,1
PMINST_1787.png,0
PMINST_1788.png,0
PMINST_1789.png,1
PMINST_1790.png,1
PMINST_1791.png,0
PMINST_1792.png,1
PMINST_1793.png,1
PMINST_1794.png,0
PMINST_1795.png,1
PMINST_1796.png,0
PMINST_1797.png,0
PMINST_1798.png,1
PMINST_1799.png,1
PMINST_1800.png,0
PMINST_1801.png,0
PMINST_1802.png,1
PMINST_1803.png,1
PMINST_1804.png,0
PMINST_1805.png,0
PMINST_1806.png,0
PMINST_1807.png,0
PMINST_1808.png,0
PMINST_1809.png,1
PMINST_1810.png,0
PMINST_1811.png,0
PMINST_1812.png,1
PMINST_1813.png,1
PMINST_1814.png,0
PMINST_1815.png,0
PMINST_1816.png,0
PMINST_1817.png,1
PMINST_1818.png,0
PMINST_1819.png,0
PMINST_1820.png,1
PMINST_1821.png,0
PMINST_1822.png,0
PMINST_1823.png,1
PMINST_1824.png,1
PMINST_1825.png,1
PMINST_1826.png,1
PMINST_1827.png,0
PMINST_1828.png,1
PMINST_1829.png,1
PMINST_1830.png,1
PMINST_1831.png,0
PMINST_1832.png,1
PMINST_1833.png,0
PMINST_1834.png,1
PMINST_1835.png,0
PMINST_1836.png,1
PMINST_1837.png,0
PMINST_1838.png,0
PMINST_1839.png,0
PMINST_1840.png,0
PMINST_1841.png,1
PMINST_1842.png,1
PMINST_1843.png,1
PMINST_1844.png,0
PMINST_1845.png,1
PMINST_1846.png,0
PMINST_1847.png,1
PMINST_1848.png,0
PMINST_1849.png,0
PMINST_1850.png,0
PMINST_1851.png,1
PMINST_1852.png,0
PMINST_1853.png,0
PMINST_1854.png,1
PMINST_1855.png,0
PMINST_1856.png,0
PMINST_1857.png,0
PMINST_1858.png,1
PMINST_1859.png,1
PMINST_1860.png,1
PMINST_1861.png,0
PMINST_1862.png,1
PMINST_1863.png,0
PMINST_1864.png,0
PMINST_1865.png,0
PMINST_1866.png,1
PMINST_1867.png,0
PMINST_1868.png,0
PMINST_1869.png,1
PMINST_1870.png,0
PMINST_1871.png,0
PMINST_1872.png,1
PMINST_1873.png,1
PMINST_1874.png,1
PMINST_1875.png,1
PMINST_1876.png,1
PMINST_1877.png,0
PMINST_1878.png,0
PMINST_1879.png,1
PMINST_1880.png,0
PMINST_1881.png,0
PMINST_1882.png,1
PMINST_1883.png,0
PMINST_1884.png,0
PMINST_1885.png,0
PMINST_1886.png,1
PMINST_1887.png,1
PMINST_1888.png,1
PMINST_1889.png,1
PMINST_1890.png,1
PMINST_1891.png,1
PMINST_1892.png,1
PMINST_1893.png,0
PMINST_1894.png,0
PMINST_1895.png,0
PMINST_1896.png,1
PMINST_1897.png,1
PMINST_1898.png,1
PMINST_1899.png,1
PMINST_1900.png,0
PMINST_1901.png,0
PMINST_1902.png,0
PMINST_1903.png,0
PMINST_1904.png,0
PMINST_1905.png,0
PMINST_1906.png,0
PMINST_1907.png,0
PMINST_1908.png,0
PMINST_1909.png,1
PMINST_1910.png,1
PMINST_1911.png,0
PMINST_1912.png,0
PMINST_1913.png,1
PMINST_1914.png,1
PMINST_1915.png,1
PMINST_1916.png,1
PMINST_1917.png,1
PMINST_1918.png,0
PMINST_1919.png,0
PMINST_1920.png,1
PMINST_1921.png,1
PMINST_1922.png,0
PMINST_1923.png,0
PMINST_1924.png,1
PMINST_1925.png,1
PMINST_1926.png,0
PMINST_1927.png,0
PMINST_1928.png,0
PMINST_1929.png,1
PMINST_1930.png,0
PMINST_1931.png,1
PMINST_1932.png,1
PMINST_1933.png,0
PMINST_1934.png,0
PMINST_1935.png,0
PMINST_1936.png,1
PMINST_1937.png,1
PMINST_1938.png,1
PMINST_1939.png,1
PMINST_1940.png,1
PMINST_1941.png,0
PMINST_1942.png,0
PMINST_1943.png,1
PMINST_1944.png,1
PMINST_1945.png,0
PMINST_1946.png,0
PMINST_1947.png,0
PMINST_1948.png,1
PMINST_1949.png,0
PMINST_1950.png,1
PMINST_1951.png,1
PMINST_1952.png,1
PMINST_1953.png,1
PMINST_1954.png,0
PMINST_1955.png,1
PMINST_1956.png,1
PMINST_1957.png,1
PMINST_1958.png,1
PMINST_1959.png,1
PMINST_1960.png,1
PMINST_1961.png,1
PMINST_1962.png,1
PMINST_1963.png,1
PMINST_1964.png,1
PMINST_1965.png,1
PMINST_1966.png,0
PMINST_1967.png,0
PMINST_1968.png,1
PMINST_1969.png,1
PMINST_1970.png,0
PMINST_1971.png,1
PMINST_1972.png,1
PMINST_1973.png,0
PMINST_1974.png,1
PMINST_1975.png,0
PMINST_1976.png,0
PMINST_1977.png,0
PMINST_1978.png,0
PMINST_1979.png,1
PMINST_1980.png,0
PMINST_1981.png,0
PMINST_1982.png,1
PMINST_1983.png,1
PMINST_1984.png,0
PMINST_1985.png,0
PMINST_1986.png,0
PMINST_1987.png,0
PMINST_1988.png,1
PMINST_1989.png,0
PMINST_1990.png,0
PMINST_1991.png,1
PMINST_1992.png,0
PMINST_1993.png,0
PMINST_1994.png,0
PMINST_1995.png,0
PMINST_1996.png,0
PMINST_1997.png,0
PMINST_1998.png,0
PMINST_1999.png,0
PMINST_2000.png,0
PMINST_2001.png,1
PMINST_2002.png,1
PMINST_2003.png,1
PMINST_2004.png,1
PMINST_2005.png,0
PMINST_2006.png,1
PMINST_2007.png,1
PMINST_2008.png,0
PMINST_2009.png,0
PMINST_2010.png,0
PMINST_2011.png,0
PMINST_2012.png,0
PMINST_2013.png,1
PMINST_2014.png,1
PMINST_2015.png,1
PMINST_2016.png,1
PMINST_2017.png,0
PMINST_2018.png,1
PMINST_2019.png,0
PMINST_2020.png,0
PMINST_2021.png,1
PMINST_2022.png,1
PMINST_2023.png,0
PMINST_2024.png,0
PMINST_2025.png,0
PMINST_2026.png,0
PMINST_2027.png,1
PMINST_2028.png,0
PMINST_2029.png,0
PMINST_2030.png,0
PMINST_2031.png,0
PMINST_2032.png,0
PMINST_2033.png,1
PMINST_2034.png,1
PMINST_2035.png,0
PMINST_2036.png,0
PMINST_2037.png,1
PMINST_2038.png,1
PMINST_2039.png,0
PMINST_2040.png,0
PMINST_2041.png,0
PMINST_2042.png,1
PMINST_2043.png,0
PMINST_2044.png,0
PMINST_2045.png,1
PMINST_2046.png,1
PMINST_2047.png,1
PMINST_2048.png,1
PMINST_2049.png,1
PMINST_2050.png,1
PMINST_2051.png,0
PMINST_2052.png,1
PMINST_2053.png,1
PMINST_2054.png,1
PMINST_2055.png,0
PMINST_2056.png,0
PMINST_2057.png,1
PMINST_2058.png,0
PMINST_2059.png,1
PMINST_2060.png,0
PMINST_2061.png,0
PMINST_2062.png,1
PMINST_2063.png,0
PMINST_2064.png,1
PMINST_2065.png,1
PMINST_2066.png,1
PMINST_2067.png,0
PMINST_2068.png,1
PMINST_2069.png,0
PMINST_2070.png,0
PMINST_2071.png,0
PMINST_2072.png,0
PMINST_2073.png,0
PMINST_2074.png,1
PMINST_2075.png,0
PMINST_2076.png,0
PMINST_2077.png,0
PMINST_2078.png,0
PMINST_2079.png,0
PMINST_2080.png,0
PMINST_2081.png,1
PMINST_2082.png,1
PMINST_2083.png,1
PMINST_2084.png,1
PMINST_2085.png,0
PMINST_2086.png,1
PMINST_2087.png,0
PMINST_2088.png,1
PMINST_2089.png,0
PMINST_2090.png,1
PMINST_2091.png,0
PMINST_2092.png,1
PMINST_2093.png,1
PMINST_2094.png,1
PMINST_2095.png,1
PMINST_2096.png,0
PMINST_2097.png,1
PMINST_2098.png,0
PMINST_2099.png,1
PMINST_2100.png,1
PMINST_2101.png,0
PMINST_2102.png,0
PMINST_2103.png,1
PMINST_2104.png,0
PMINST_2105.png,1
PMINST_2106.png,0
PMINST_2107.png,1
PMINST_2108.png,0
PMINST_2109.png,1
PMINST_2110.png,1
PMINST_2111.png,0
PMINST_2112.png,1
PMINST_2113.png,0
PMINST_2114.png,0
PMINST_2115.png,0
PMINST_2116.png,1
PMINST_2117.png,1
PMINST_2118.png,0
PMINST_2119.png,1
PMINST_2120.png,0
PMINST_2121.png,0
PMINST_2122.png,0
PMINST_2123.png,0
PMINST_2124.png,0
PMINST_2125.png,1
PMINST_2126.png,1
PMINST_2127.png,1
PMINST_2128.png,0
PMINST_2129.png,0
PMINST_2130.png,1
PMINST_2131.png,1
PMINST_2132.png,1
PMINST_2133.png,0
PMINST_2134.png,0
PMINST_2135.png,0
PMINST_2136.png,0
PMINST_2137.png,0
PMINST_2138.png,1
PMINST_2139.png,1
PMINST_2140.png,0
PMINST_2141.png,0
PMINST_2142.png,0
PMINST_2143.png,0
PMINST_2144.png,0
PMINST_2145.png,0
PMINST_2146.png,0
PMINST_2147.png,0
PMINST_2148.png,1
PMINST_2149.png,0
PMINST_2150.png,0
PMINST_2151.png,1
PMINST_2152.png,1
PMINST_2153.png,0
PMINST_2154.png,1
PMINST_2155.png,1
PMINST_2156.png,0
PMINST_2157.png,0
PMINST_2158.png,0
PMINST_2159.png,0
PMINST_2160.png,0
PMINST_2161.png,1
PMINST_2162.png,0
PMINST_2163.png,0
PMINST_2164.png,1
PMINST_2165.png,1
PMINST_2166.png,1
PMINST_2167.png,1
PMINST_2168.png,0
PMINST_2169.png,0
PMINST_2170.png,1
PMINST_2171.png,0
PMINST_2172.png,1
PMINST_2173.png,1
PMINST_2174.png,0
PMINST_2175.png,1
PMINST_2176.png,0
PMINST_2177.png,0
PMINST_2178.png,0
PMINST_2179.png,1
PMINST_2180.png,1
PMINST_2181.png,0
PMINST_2182.png,1
PMINST_2183.png,0
PMINST_2184.png,1
PMINST_2185.png,1
PMINST_2186.png,1
PMINST_2187.png,1
PMINST_2188.png,1
PMINST_2189.png,1
PMINST_2190.png,0
PMINST_2191.png,1
PMINST_2192.png,0
PMINST_2193.png,0
PMINST_2194.png,0
PMINST_2195.png,0
PMINST_2196.png,0
PMINST_2197.png,1
PMINST_2198.png,0
PMINST_2199.png,1
PMINST_2200.png,0
PMINST_2201.png,1
PMINST_2202.png,0
PMINST_2203.png,0
PMINST_2204.png,1
PMINST_2205.png,1
PMINST_2206.png,0
PMINST_2207.png,0
PMINST_2208.png,0
PMINST_2209.png,1
PMINST_2210.png,0
PMINST_2211.png,1
PMINST_2212.png,1
PMINST_2213.png,1
PMINST_2214.png,1
PMINST_2215.png,1
PMINST_2216.png,1
PMINST_2217.png,0
PMINST_2218.png,1
PMINST_2219.png,1
PMINST_2220.png,1
PMINST_2221.png,1
PMINST_2222.png,1
PMINST_2223.png,0
PMINST_2224.png,0
PMINST_2225.png,0
PMINST_2226.png,1
PMINST_2227.png,0
PMINST_2228.png,0
PMINST_2229.png,0
PMINST_2230.png,0
PMINST_2231.png,1
PMINST_2232.png,0
PMINST_2233.png,1
PMINST_2234.png,0
PMINST_2235.png,1
PMINST_2236.png,1
PMINST_2237.png,1
PMINST_2238.png,1
PMINST_2239.png,1
PMINST_2240.png,1
PMINST_2241.png,1
PMINST_2242.png,0
PMINST_2243.png,1
PMINST_2244.png,0
PMINST_2245.png,1
PMINST_2246.png,1
PMINST_2247.png,0
PMINST_2248.png,1
PMINST_2249.png,1
PMINST_2250.png,0
PMINST_2251.png,0
PMINST_2252.png,1
PMINST_2253.png,1
PMINST_2254.png,1
PMINST_2255.png,1
PMINST_2256.png,0
PMINST_2257.png,0
PMINST_2258.png,1
PMINST_2259.png,0
PMINST_2260.png,0
PMINST_2261.png,1
PMINST_2262.png,0
PMINST_2263.png,0
PMINST_2264.png,1
PMINST_2265.png,0
PMINST_2266.png,1
PMINST_2267.png,0
PMINST_2268.png,1
PMINST_2269.png,1
PMINST_2270.png,0
PMINST_2271.png,0
PMINST_2272.png,1
PMINST_2273.png,0
PMINST_2274.png,0
PMINST_2275.png,0
PMINST_2276.png,0
PMINST_2277.png,0
PMINST_2278.png,1
PMINST_2279.png,0
PMINST_2280.png,0
PMINST_2281.png,0
PMINST_2282.png,0
PMINST_2283.png,1
PMINST_2284.png,1
PMINST_2285.png,0
PMINST_2286.png,1
PMINST_2287.png,0
PMINST_2288.png,1
PMINST_2289.png,1
PMINST_2290.png,1
PMINST_2291.png,1
PMINST_2292.png,1
PMINST_2293.png,1
PMINST_2294.png,1
PMINST_2295.png,1
PMINST_2296.png,1
PMINST_2297.png,1
PMINST_2298.png,1
PMINST_2299.png,0
PMINST_2300.png,1
PMINST_2301.png,1
PMINST_2302.png,0
PMINST_2303.png,0
PMINST_2304.png,1
PMINST_2305.png,0
PMINST_2306.png,1
PMINST_2307.png,0
PMINST_2308.png,0
PMINST_2309.png,0
PMINST_2310.png,1
PMINST_2311.png,1
PMINST_2312.png,0
PMINST_2313.png,1
PMINST_2314.png,0
PMINST_2315.png,1
PMINST_2316.png,0
PMINST_2317.png,1
PMINST_2318.png,0
PMINST_2319.png,0
PMINST_2320.png,1
PMINST_2321.png,1
PMINST_2322.png,0
PMINST_2323.png,1
PMINST_2324.png,0
PMINST_2325.png,0
PMINST_2326.png,0
PMINST_2327.png,0
PMINST_2328.png,0
PMINST_2329.png,1
PMINST_2330.png,1
PMINST_2331.png,0
PMINST_2332.png,1
PMINST_2333.png,1
PMINST_2334.png,1
PMINST_2335.png,1
PMINST_2336.png,1
PMINST_2337.png,0
PMINST_2338.png,1
PMINST_2339.png,0
PMINST_2340.png,1
PMINST_2341.png,0
PMINST_2342.png,0
PMINST_2343.png,1
PMINST_2344.png,1
PMINST_2345.png,0
PMINST_2346.png,0
PMINST_2347.png,0
PMINST_2348.png,1
PMINST_2349.png,0
PMINST_2350.png,0
PMINST_2351.png,1
PMINST_2352.png,0
PMINST_2353.png,1
PMINST_2354.png,1
PMINST_2355.png,0
PMINST_2356.png,1
PMINST_2357.png,1
PMINST_2358.png,0
PMINST_2359.png,1
PMINST_2360.png,1
PMINST_2361.png,0
PMINST_2362.png,1
PMINST_2363.png,1
PMINST_2364.png,1
PMINST_2365.png,0
PMINST_2366.png,0
PMINST_2367.png,1
PMINST_2368.png,0
PMINST_2369.png,1
PMINST_2370.png,1
PMINST_2371.png,0
PMINST_2372.png,0
PMINST_2373.png,0
PMINST_2374.png,1
PMINST_2375.png,0
PMINST_2376.png,0
PMINST_2377.png,1
PMINST_2378.png,1
PMINST_2379.png,0
PMINST_2380.png,1
PMINST_2381.png,0
PMINST_2382.png,1
PMINST_2383.png,0
PMINST_2384.png,0
PMINST_2385.png,1
PMINST_2386.png,0
PMINST_2387.png,0
PMINST_2388.png,1
PMINST_2389.png,1
PMINST_2390.png,1
PMINST_2391.png,1
PMINST_2392.png,0
PMINST_2393.png,1
PMINST_2394.png,1
PMINST_2395.png,0
PMINST_2396.png,0
PMINST_2397.png,1
PMINST_2398.png,0
PMINST_2399.png,1
PMINST_2400.png,1
PMINST_2401.png,1
PMINST_2402.png,0
PMINST_2403.png,0
PMINST_2404.png,0
PMINST_2405.png,0
PMINST_2406.png,0
PMINST_2407.png,0
PMINST_2408.png,1
PMINST_2409.png,1
PMINST_2410.png,1
PMINST_2411.png,0
PMINST_2412.png,1
PMINST_2413.png,1
PMINST_2414.png,0
PMINST_2415.png,0
PMINST_2416.png,0
PMINST_2417.png,1
PMINST_2418.png,0
PMINST_2419.png,1
PMINST_2420.png,1
PMINST_2421.png,1
PMINST_2422.png,1
PMINST_2423.png,0
PMINST_2424.png,1
PMINST_2425.png,0
PMINST_2426.png,1
PMINST_2427.png,0
PMINST_2428.png,1
